<?xml version="1.0"?>
<schema xmlns:xsi="http://www.w3.org/2001/XMLSchema-instance" xsi:noNamespaceSchemaLocation="urn:magento:framework:Setup/Declaration/Schema/etc/schema.xsd">
    <table name="saved_orders" resource="default" engine="innodb" comment="Saved Orders Table">
        <column xsi:type="int" name="entity_id" padding="10" unsigned="true" nullable="false" identity="true" comment="Entity ID"/>
        <column xsi:type="int" name="customer_id" padding="10" unsigned="true" nullable="false" comment="Customer ID"/>
        <column xsi:type="int" name="quote_id" padding="10" unsigned="true" nullable="false" comment="Quote ID"/>
        <column xsi:type="text" name="order_data" nullable="false" comment="Serialized Order Data"/>
         <column xsi:type="timestamp" name="created_at" nullable="false" default="CURRENT_TIMESTAMP" comment="Creation Time"/>
        <column xsi:type="timestamp" name="updated_at" nullable="false" default="CURRENT_TIMESTAMP" comment="Update Time"/>
        
        <constraint xsi:type="primary" referenceId="PRIMARY">
            <column name="entity_id"/>
        </constraint>

        <constraint xsi:type="foreign" referenceId="SAVED_ORDERS_CUSTOMER_ID_CUSTOMER_ENTITY_ENTITY_ID"
            table="saved_orders" column="customer_id" referenceTable="customer_entity" referenceColumn="entity_id"
            onDelete="CASCADE"/>
        
        <constraint xsi:type="foreign" referenceId="SAVED_ORDERS_QUOTE_ID_QUOTE_ENTITY_ID"
            table="saved_orders" column="quote_id" referenceTable="quote" referenceColumn="entity_id"
            onDelete="CASCADE"/>
        
        <index referenceId="SAVED_ORDERS_CUSTOMER_ID" indexType="btree">
            <column name="customer_id"/>
        </index>
        <index referenceId="SAVED_ORDERS_QUOTE_ID" indexType="btree">
            <column name="quote_id"/>
        </index>
    </table>
</schema>
