<?xml version="1.0"?>
<config xmlns:xsi="http://www.w3.org/2001/XMLSchema-instance" xsi:noNamespaceSchemaLocation="urn:magento:framework:ObjectManager/etc/config.xsd">
    <preference for="Davidsons\SavedOrders\Api\Data\GridInterface" type="Davidsons\SavedOrders\Model\Grid" />

    <virtualType name="Davidsons\SavedOrders\Model\ResourceModel\Grid\Grid\Collection" type="Magento\Framework\View\Element\UiComponent\DataProvider\SearchResult">
        <arguments>
            <argument name="mainTable" xsi:type="string">saved_orders</argument>
            <argument name="resourceModel" xsi:type="string">Davidsons\SavedOrders\Model\ResourceModel\Grid</argument>
        </arguments>
    </virtualType>
    <type name="Magento\Framework\View\Element\UiComponent\DataProvider\CollectionFactory">
        <arguments>
            <argument name="collections" xsi:type="array">
                <item name="grid_record_grid_list_data_source" xsi:type="string">Davidsons\SavedOrders\Model\ResourceModel\Grid\Grid\Collection</item>
            </argument>
        </arguments>
    </type>
    <type name="Davidsons\SavedOrders\Logger\Handler">
        <arguments>
            <argument name="filesystem" xsi:type="object">Magento\Framework\Filesystem\Driver\File</argument>
        </arguments>
    </type>
    <type name="Davidsons\SavedOrders\Logger\Logger">
        <arguments>
            <argument name="name" xsi:type="string">customLogHandler</argument>
            <argument name="handlers"  xsi:type="array">
                <item name="system" xsi:type="object">Davidsons\SavedOrders\Logger\Handler</item>
            </argument>
        </arguments>
    </type>
</config>
